Stage,Division,Group/Bracket,Round,Match format,Team A,Team B,Winning team,Game 1 - Score team A,Game 1 - Score team B,Game 2 - Score team A,Game 2 - Score team B,Game 3 - Score team A,Game 3 - Score team B,Team A - Player 1,Team A - Player 2,Team A - Player 3,Team B - Player 1,Team B - Player 2,Team B - Player 3
Group Stage,Open Pro,Group A (set 5),1,Single game,Schnelson & Toucha,TMP Bad Counting,Schnelson & Toucha,15,10,,,,,Nelson Dziruni,Yosha Vandaele,,Michael N√§gel,Tim Bichler,
Group Stage,Open Pro,Group A (set 5),1,Single game,Smile,L'Eclair,Smile,15,10,,,,,Gabriel Stoisser,Felix Millton,,joeri vlassaks,Frederik Theunis,
Group Stage,Open Pro,Group B (set 6),1,Single game,Gentle butts,Le Spiko de Familia,Gentle butts,17,15,,,,,Markus Anderle,Jaroslav ƒåabala,,Andreas Christensen,Kasper S√∏vndal,
Group Stage,Open Pro,Group B (set 6),1,Single game,Willy Wotzbold,FR...,Willy Wotzbold,15,12,,,,,Yvo Heinen,Emil Gr√∂nebaum,,Jakub Popluhar,Sebi Mezzey,
Group Stage,Open Pro,Group C (set 7),1,Single game,Swedish Pole Dancer,Lattesundmasse,Swedish Pole Dancer,15,7,,,,,Jan Stachiewicz,Esaja Ekman,,Lasse B√∂hm,Mattes B√∂hm,
Group Stage,Open Pro,Group C (set 7),1,Single game,Bazzani/Borsotti,outdoor olives,Bazzani/Borsotti,15,8,,,,,Nicola Bazzani,Andrea Borsotti,,Jarec Schouten,Aleksandrs Ju≈°ka,
Group Stage,Open Pro,Group D (set 8),1,Single game,Krehle/Visek,Bang!,Krehle/Visek,15,12,,,,,Julian Krehle,Jakub V√≠≈°ek,,Tim Klement,Cedric Strehllw,
Group Stage,Open Pro,Group D (set 8),1,Single game,nerds in disguise,Dudine/Sacchini,nerds in disguise,15,13,,,,,Stefan Handschmann,David Jindra,,Jacopo Dudine,Matteo Sacchini,
Group Stage,Open Pro,Group A (set 5),2,Single game,Schnelson & Toucha,L'Eclair,L'Eclair,13,15,,,,,Nelson Dziruni,Yosha Vandaele,,joeri vlassaks,Frederik Theunis,
Group Stage,Open Pro,Group A (set 5),2,Single game,Smile,TMP Bad Counting,TMP Bad Counting,13,15,,,,,Gabriel Stoisser,Felix Millton,,Michael N√§gel,Tim Bichler,
Group Stage,Open Pro,Group B (set 6),2,Single game,Gentle butts,FR...,Gentle butts,15,12,,,,,Markus Anderle,Jaroslav ƒåabala,,Jakub Popluhar,Sebi Mezzey,
Group Stage,Open Pro,Group B (set 6),2,Single game,Willy Wotzbold,Le Spiko de Familia,Willy Wotzbold,15,10,,,,,Yvo Heinen,Emil Gr√∂nebaum,,Andreas Christensen,Kasper S√∏vndal,
Group Stage,Open Pro,Group C (set 7),2,Single game,Swedish Pole Dancer,outdoor olives,Swedish Pole Dancer,15,8,,,,,Jan Stachiewicz,Esaja Ekman,,Jarec Schouten,Aleksandrs Ju≈°ka,
Group Stage,Open Pro,Group C (set 7),2,Single game,Bazzani/Borsotti,Lattesundmasse,Bazzani/Borsotti,15,12,,,,,Nicola Bazzani,Andrea Borsotti,,Lasse B√∂hm,Mattes B√∂hm,
Group Stage,Open Pro,Group D (set 8),2,Single game,Krehle/Visek,Dudine/Sacchini,Krehle/Visek,15,7,,,,,Julian Krehle,Jakub V√≠≈°ek,,Jacopo Dudine,Matteo Sacchini,
Group Stage,Open Pro,Group D (set 8),2,Single game,nerds in disguise,Bang!,Bang!,13,15,,,,,Stefan Handschmann,David Jindra,,Tim Klement,Cedric Strehllw,
Group Stage,Open Pro,Group A (set 5),3,Single game,Schnelson & Toucha,Smile,Schnelson & Toucha,15,10,,,,,Nelson Dziruni,Yosha Vandaele,,Gabriel Stoisser,Felix Millton,
Group Stage,Open Pro,Group A (set 5),3,Single game,L'Eclair,TMP Bad Counting,L'Eclair,15,6,,,,,joeri vlassaks,Frederik Theunis,,Michael N√§gel,Tim Bichler,
Group Stage,Open Pro,Group B (set 6),3,Single game,Gentle butts,Willy Wotzbold,Gentle butts,15,11,,,,,Markus Anderle,Jaroslav ƒåabala,,Yvo Heinen,Emil Gr√∂nebaum,
Group Stage,Open Pro,Group B (set 6),3,Single game,FR...,Le Spiko de Familia,Le Spiko de Familia,10,15,,,,,Jakub Popluhar,Sebi Mezzey,,Andreas Christensen,Kasper S√∏vndal,
Group Stage,Open Pro,Group C (set 7),3,Single game,Swedish Pole Dancer,Bazzani/Borsotti,Swedish Pole Dancer,15,13,,,,,Jan Stachiewicz,Esaja Ekman,,Nicola Bazzani,Andrea Borsotti,
Group Stage,Open Pro,Group C (set 7),3,Single game,outdoor olives,Lattesundmasse,Lattesundmasse,10,15,,,,,Jarec Schouten,Aleksandrs Ju≈°ka,,Lasse B√∂hm,Mattes B√∂hm,
Group Stage,Open Pro,Group D (set 8),3,Single game,Krehle/Visek,nerds in disguise,Krehle/Visek,15,10,,,,,Julian Krehle,Jakub V√≠≈°ek,,Stefan Handschmann,David Jindra,
Group Stage,Open Pro,Group D (set 8),3,Single game,Dudine/Sacchini,Bang!,Bang!,13,15,,,,,Jacopo Dudine,Matteo Sacchini,,Tim Klement,Cedric Strehllw,
Group Stage,Open Pro,Group A (set 5),4,Single game,Schnelson & Toucha,TMP Bad Counting,Schnelson & Toucha,15,10,,,,,Nelson Dziruni,Yosha Vandaele,,Michael N√§gel,Tim Bichler,
Group Stage,Open Pro,Group A (set 5),4,Single game,Smile,L'Eclair,L'Eclair,11,15,,,,,Gabriel Stoisser,Felix Millton,,joeri vlassaks,Frederik Theunis,
Group Stage,Open Pro,Group B (set 6),4,Single game,Gentle butts,Le Spiko de Familia,Gentle butts,15,13,,,,,Markus Anderle,Jaroslav ƒåabala,,Andreas Christensen,Kasper S√∏vndal,
Group Stage,Open Pro,Group B (set 6),4,Single game,Willy Wotzbold,FR...,Willy Wotzbold,15,9,,,,,Yvo Heinen,Emil Gr√∂nebaum,,Jakub Popluhar,Sebi Mezzey,
Group Stage,Open Pro,Group C (set 7),4,Single game,Swedish Pole Dancer,Lattesundmasse,Swedish Pole Dancer,15,11,,,,,Jan Stachiewicz,Esaja Ekman,,Lasse B√∂hm,Mattes B√∂hm,
Group Stage,Open Pro,Group C (set 7),4,Single game,Bazzani/Borsotti,outdoor olives,Bazzani/Borsotti,15,8,,,,,Nicola Bazzani,Andrea Borsotti,,Jarec Schouten,Aleksandrs Ju≈°ka,
Group Stage,Open Pro,Group D (set 8),4,Single game,Krehle/Visek,Bang!,Bang!,13,15,,,,,Julian Krehle,Jakub V√≠≈°ek,,Tim Klement,Cedric Strehllw,
Group Stage,Open Pro,Group D (set 8),4,Single game,nerds in disguise,Dudine/Sacchini,nerds in disguise,17,15,,,,,Stefan Handschmann,David Jindra,,Jacopo Dudine,Matteo Sacchini,
Group Stage,Open Pro,Group A (set 5),5,Single game,Schnelson & Toucha,L'Eclair,Schnelson & Toucha,19,17,,,,,Nelson Dziruni,Yosha Vandaele,,joeri vlassaks,Frederik Theunis,
Group Stage,Open Pro,Group A (set 5),5,Single game,Smile,TMP Bad Counting,Smile,15,13,,,,,Gabriel Stoisser,Felix Millton,,Michael N√§gel,Tim Bichler,
Group Stage,Open Pro,Group B (set 6),5,Single game,Gentle butts,FR...,Gentle butts,15,13,,,,,Markus Anderle,Jaroslav ƒåabala,,Jakub Popluhar,Sebi Mezzey,
Group Stage,Open Pro,Group B (set 6),5,Single game,Willy Wotzbold,Le Spiko de Familia,Le Spiko de Familia,19,21,,,,,Yvo Heinen,Emil Gr√∂nebaum,,Andreas Christensen,Kasper S√∏vndal,
Group Stage,Open Pro,Group C (set 7),5,Single game,Swedish Pole Dancer,outdoor olives,Swedish Pole Dancer,15,9,,,,,Jan Stachiewicz,Esaja Ekman,,Jarec Schouten,Aleksandrs Ju≈°ka,
Group Stage,Open Pro,Group C (set 7),5,Single game,Bazzani/Borsotti,Lattesundmasse,Lattesundmasse,8,15,,,,,Nicola Bazzani,Andrea Borsotti,,Lasse B√∂hm,Mattes B√∂hm,
Group Stage,Open Pro,Group D (set 8),5,Single game,Krehle/Visek,Dudine/Sacchini,Dudine/Sacchini,11,15,,,,,Julian Krehle,Jakub V√≠≈°ek,,Jacopo Dudine,Matteo Sacchini,
Group Stage,Open Pro,Group D (set 8),5,Single game,nerds in disguise,Bang!,Bang!,6,15,,,,,Stefan Handschmann,David Jindra,,Tim Klement,Cedric Strehllw,
Group Stage,Open Pro,Group A (set 5),6,Single game,Schnelson & Toucha,Smile,Schnelson & Toucha,15,13,,,,,Nelson Dziruni,Yosha Vandaele,,Gabriel Stoisser,Felix Millton,
Group Stage,Open Pro,Group A (set 5),6,Single game,L'Eclair,TMP Bad Counting,TMP Bad Counting,15,17,,,,,joeri vlassaks,Frederik Theunis,,Michael N√§gel,Tim Bichler,
Group Stage,Open Pro,Group B (set 6),6,Single game,Gentle butts,Willy Wotzbold,Willy Wotzbold,12,15,,,,,Markus Anderle,Jaroslav ƒåabala,,Yvo Heinen,Emil Gr√∂nebaum,
Group Stage,Open Pro,Group B (set 6),6,Single game,FR...,Le Spiko de Familia,FR...,16,14,,,,,Jakub Popluhar,Sebi Mezzey,,Andreas Christensen,Kasper S√∏vndal,
Group Stage,Open Pro,Group C (set 7),6,Single game,Swedish Pole Dancer,Bazzani/Borsotti,Swedish Pole Dancer,15,13,,,,,Jan Stachiewicz,Esaja Ekman,,Nicola Bazzani,Andrea Borsotti,
Group Stage,Open Pro,Group C (set 7),6,Single game,outdoor olives,Lattesundmasse,outdoor olives,21,19,,,,,Jarec Schouten,Aleksandrs Ju≈°ka,,Lasse B√∂hm,Mattes B√∂hm,
Group Stage,Open Pro,Group D (set 8),6,Single game,Krehle/Visek,nerds in disguise,Krehle/Visek,15,13,,,,,Julian Krehle,Jakub V√≠≈°ek,,Stefan Handschmann,David Jindra,
Group Stage,Open Pro,Group D (set 8),6,Single game,Dudine/Sacchini,Bang!,Bang!,11,15,,,,,Jacopo Dudine,Matteo Sacchini,,Tim Klement,Cedric Strehllw,
Bracket Stage,Open Pro,Bracket A,Round of 16,Best of 3,Swedish Pole Dancer,outdoor olives,Swedish Pole Dancer,15,7,15,12,,,Jan Stachiewicz,Esaja Ekman,,Jarec Schouten,Aleksandrs Ju≈°ka,
Bracket Stage,Open Pro,Bracket A,Round of 16,Best of 3,Schnelson & Toucha,FR...,Schnelson & Toucha,15,11,15,10,,,Nelson Dziruni,Yosha Vandaele,,Jakub Popluhar,Sebi Mezzey,
Bracket Stage,Open Pro,Bracket A,Round of 16,Best of 3,Bang!,Dudine/Sacchini,Bang!,13,15,15,13,15,12,Tim Klement,Cedric Strehllw,,Jacopo Dudine,Matteo Sacchini,
Bracket Stage,Open Pro,Bracket A,Round of 16,Best of 3,Gentle butts,TMP Bad Counting,Gentle butts,13,15,15,13,15,10,Markus Anderle,Jaroslav ƒåabala,,Michael N√§gel,Tim Bichler,
Bracket Stage,Open Pro,Bracket A,Round of 16,Best of 3,Krehle/Visek,nerds in disguise,Krehle/Visek,15,10,10,15,25,24,Julian Krehle,Jakub V√≠≈°ek,,Stefan Handschmann,David Jindra,
Bracket Stage,Open Pro,Bracket A,Round of 16,Best of 3,Willy Wotzbold,Smile,Willy Wotzbold,15,13,19,21,15,10,Yvo Heinen,Emil Gr√∂nebaum,,Gabriel Stoisser,Felix Millton,
Bracket Stage,Open Pro,Bracket A,Round of 16,Best of 3,Bazzani/Borsotti,Lattesundmasse,Bazzani/Borsotti,15,13,15,12,,,Nicola Bazzani,Andrea Borsotti,,Lasse B√∂hm,Mattes B√∂hm,
Bracket Stage,Open Pro,Bracket A,Round of 16,Best of 3,L'Eclair,Le Spiko de Familia,Le Spiko de Familia,15,10,12,15,13,15,joeri vlassaks,Frederik Theunis,,Andreas Christensen,Kasper S√∏vndal,
Bracket Stage,Open Pro,Bracket A,Quarter-final,Best of 3,Swedish Pole Dancer,Le Spiko de Familia,Swedish Pole Dancer,21,10,21,14,,,Jan Stachiewicz,Esaja Ekman,,Andreas Christensen,Kasper S√∏vndal,
Bracket Stage,Open Pro,Bracket A,Quarter-final,Best of 3,Schnelson & Toucha,Bazzani/Borsotti,Bazzani/Borsotti,17,21,21,16,19,21,Nelson Dziruni,Yosha Vandaele,,Nicola Bazzani,Andrea Borsotti,
Bracket Stage,Open Pro,Bracket A,Quarter-final,Best of 3,Bang!,Willy Wotzbold,Bang!,1,0,0,1,1,0,Tim Klement,Cedric Strehllw,,Yvo Heinen,Emil Gr√∂nebaum,
Bracket Stage,Open Pro,Bracket A,Quarter-final,Best of 3,Gentle butts,Krehle/Visek,Gentle butts,18,16,12,15,18,16,Markus Anderle,Jaroslav ƒåabala,,Julian Krehle,Jakub V√≠≈°ek,
Bracket Stage,Open Pro,Bracket A,P9: Quarter-final,Single game,L'Eclair,outdoor olives,L'Eclair,21,19,,,,,joeri vlassaks,Frederik Theunis,,Jarec Schouten,Aleksandrs Ju≈°ka,
Bracket Stage,Open Pro,Bracket A,P9: Quarter-final,Single game,Lattesundmasse,FR...,Lattesundmasse,15,11,,,,,Lasse B√∂hm,Mattes B√∂hm,,Jakub Popluhar,Sebi Mezzey,
Bracket Stage,Open Pro,Bracket A,P9: Quarter-final,Single game,Smile,Dudine/Sacchini,Dudine/Sacchini,1,2,,,,,Gabriel Stoisser,Felix Millton,,Jacopo Dudine,Matteo Sacchini,
Bracket Stage,Open Pro,Bracket A,P9: Quarter-final,Single game,nerds in disguise,TMP Bad Counting,TMP Bad Counting,16,21,,,,,Stefan Handschmann,David Jindra,,Michael N√§gel,Tim Bichler,
Bracket Stage,Open Pro,Bracket A,Semi-final,Best of 3,Swedish Pole Dancer,Gentle butts,Swedish Pole Dancer,15,12,15,13,,,Jan Stachiewicz,Esaja Ekman,,Markus Anderle,Jaroslav ƒåabala,
Bracket Stage,Open Pro,Bracket A,Semi-final,Best of 3,Bazzani/Borsotti,Bang!,Bazzani/Borsotti,15,9,15,12,,,Nicola Bazzani,Andrea Borsotti,,Tim Klement,Cedric Strehllw,
Bracket Stage,Open Pro,Bracket A,P5: Semi-final,Single game,Krehle/Visek,Le Spiko de Familia,Krehle/Visek,2,0,,,,,Julian Krehle,Jakub V√≠≈°ek,,Andreas Christensen,Kasper S√∏vndal,
Bracket Stage,Open Pro,Bracket A,P5: Semi-final,Single game,Willy Wotzbold,Schnelson & Toucha,Schnelson & Toucha,0,1,,,,,Yvo Heinen,Emil Gr√∂nebaum,,Nelson Dziruni,Yosha Vandaele,
Bracket Stage,Open Pro,Bracket A,P9: Semi-final,Single game,L'Eclair,TMP Bad Counting,TMP Bad Counting,-1,0,,,,,joeri vlassaks,Frederik Theunis,,Michael N√§gel,Tim Bichler,
Bracket Stage,Open Pro,Bracket A,P9: Semi-final,Single game,Lattesundmasse,Dudine/Sacchini,Lattesundmasse,27,25,,,,,Lasse B√∂hm,Mattes B√∂hm,,Jacopo Dudine,Matteo Sacchini,
Bracket Stage,Open Pro,Bracket A,P13: Semi-final,Single game,nerds in disguise,outdoor olives,outdoor olives,16,21,,,,,Stefan Handschmann,David Jindra,,Jarec Schouten,Aleksandrs Ju≈°ka,
Bracket Stage,Open Pro,Bracket A,P13: Semi-final,Single game,Smile,FR...,Smile,21,17,,,,,Gabriel Stoisser,Felix Millton,,Jakub Popluhar,Sebi Mezzey,
Bracket Stage,Open Pro,Bracket A,Final,Best of 3,Swedish Pole Dancer,Bazzani/Borsotti,Swedish Pole Dancer,1,0,0,1,1,0,Jan Stachiewicz,Esaja Ekman,,Nicola Bazzani,Andrea Borsotti,
Bracket Stage,Open Pro,Bracket A,P3: Final,Best of 3,Bang!,Gentle butts,Gentle butts,13,15,15,13,15,17,Tim Klement,Cedric Strehllw,,Markus Anderle,Jaroslav ƒåabala,
Bracket Stage,Open Pro,Bracket A,P5: Final,Single game,Krehle/Visek,Schnelson & Toucha,Schnelson & Toucha,0,2,,,,,Julian Krehle,Jakub V√≠≈°ek,,Nelson Dziruni,Yosha Vandaele,
Bracket Stage,Open Pro,Bracket A,P9: Final,Single game,TMP Bad Counting,Lattesundmasse,Lattesundmasse,17,21,,,,,Michael N√§gel,Tim Bichler,,Lasse B√∂hm,Mattes B√∂hm,
Bracket Stage,Open Pro,Bracket A,P11: Final,Best of 3,Dudine/Sacchini,L'Eclair,,0,-1,,,,,Jacopo Dudine,Matteo Sacchini,,joeri vlassaks,Frederik Theunis,
Bracket Stage,Open Pro,Bracket A,P13: Final,Single game,outdoor olives,Smile,Smile,12,21,,,,,Jarec Schouten,Aleksandrs Ju≈°ka,,Gabriel Stoisser,Felix Millton,
Bracket Stage,Womens Advanced,Bracket A,Round of 16,Best of 3,Schallergeschwindigkeit,2 in common,Schallergeschwindigkeit,21,8,21,15,,,Vivien Less,Aylin Altenwegner,,Julia Stranzl,Constanze Lehner,
Bracket Stage,Womens Advanced,Bracket A,Round of 16,Best of 3,Aaaaaah sh*t,Amy/Elli,Aaaaaah sh*t,15,11,15,9,,,Marie-Alexia Teisseyre,Britt Vankemenade,,Amy Campbell,Ellinor Gustavsson,
Bracket Stage,Womens Advanced,Bracket A,Round of 16,Best of 3,Waves Energy,Cosmic Feeling,Waves Energy,15,13,16,14,,,Alina P√Ærlea,Beatrice TƒÉrƒÉ»ôilƒÉ,,Felicia H√∂chtl,Costanza Patat,
Bracket Stage,Womens Advanced,Bracket A,Round of 16,Best of 3,LaBob,Mucki,Mucki,17,21,21,13,16,21,Sabina Labonc,Irina Bob,,Angelika Bauer,Yasmin Graeter,
Bracket Stage,Womens Advanced,Bracket A,Quarter-final,Best of 3,tiramisu,Mucki,tiramisu,21,6,21,11,,,Megan Leybourne,Daniela Kadlec,,Angelika Bauer,Yasmin Graeter,
Bracket Stage,Womens Advanced,Bracket A,Quarter-final,Best of 3,cloudy with a chance of falls,Waves Energy,cloudy with a chance of falls,21,14,21,18,,,Lou Washburn,Carolin Marquart,,Alina P√Ærlea,Beatrice TƒÉrƒÉ»ôilƒÉ,
Bracket Stage,Womens Advanced,Bracket A,Quarter-final,Best of 3,my bad,Aaaaaah sh*t,my bad,21,19,21,18,,,Janne Uteg,Julia Grob,,Marie-Alexia Teisseyre,Britt Vankemenade,
Bracket Stage,Womens Advanced,Bracket A,Quarter-final,Best of 3,Curly Fries,Schallergeschwindigkeit,Curly Fries,15,21,21,19,21,12,Alina Teskey,Ines Kornek,,Vivien Less,Aylin Altenwegner,
Bracket Stage,Womens Advanced,Bracket A,Semi-final,Best of 3,tiramisu,Curly Fries,tiramisu,15,7,13,15,15,11,Megan Leybourne,Daniela Kadlec,,Alina Teskey,Ines Kornek,
Bracket Stage,Womens Advanced,Bracket A,Semi-final,Best of 3,cloudy with a chance of falls,my bad,cloudy with a chance of falls,21,11,21,18,,,Lou Washburn,Carolin Marquart,,Janne Uteg,Julia Grob,
Bracket Stage,Womens Advanced,Bracket A,P5: Semi-final,Best of 3,Schallergeschwindigkeit,Mucki,Schallergeschwindigkeit,15,7,12,15,15,10,Vivien Less,Aylin Altenwegner,,Angelika Bauer,Yasmin Graeter,
Bracket Stage,Womens Advanced,Bracket A,P5: Semi-final,Best of 3,Aaaaaah sh*t,Waves Energy,Aaaaaah sh*t,12,15,15,13,17,15,Marie-Alexia Teisseyre,Britt Vankemenade,,Alina P√Ærlea,Beatrice TƒÉrƒÉ»ôilƒÉ,
Bracket Stage,Womens Advanced,Bracket A,P9: Semi-final,Single game,LaBob,2 in common,LaBob,2,0,,,,,Sabina Labonc,Irina Bob,,Julia Stranzl,Constanze Lehner,
Bracket Stage,Womens Advanced,Bracket A,P9: Semi-final,Single game,Cosmic Feeling,Amy/Elli,Cosmic Feeling,2,0,,,,,Felicia H√∂chtl,Costanza Patat,,Amy Campbell,Ellinor Gustavsson,
Bracket Stage,Womens Advanced,Bracket A,P3: Final,Best of 3,my bad,Curly Fries,Curly Fries,11,15,15,10,16,18,Janne Uteg,Julia Grob,,Alina Teskey,Ines Kornek,
Bracket Stage,Womens Advanced,Bracket A,P5: Final,Best of 3,Schallergeschwindigkeit,Aaaaaah sh*t,Aaaaaah sh*t,12,15,8,15,,,Vivien Less,Aylin Altenwegner,,Marie-Alexia Teisseyre,Britt Vankemenade,
Bracket Stage,Womens Advanced,Bracket A,P7: Final,Best of 3,Waves Energy,Mucki,Waves Energy,15,13,15,4,,,Alina P√Ærlea,Beatrice TƒÉrƒÉ»ôilƒÉ,,Angelika Bauer,Yasmin Graeter,
Bracket Stage,Womens Advanced,Bracket A,P9: Final,Single game,LaBob,Cosmic Feeling,Cosmic Feeling,1,2,,,,,Sabina Labonc,Irina Bob,,Felicia H√∂chtl,Costanza Patat,
Group Stage,Mixed,Group A (set 1-2),1,Single game,It's a 30,Spike‚Äôs parents,It's a 30,15,9,,,,,Daniela Kadlec,Yosha Vandaele,,Ellinor Gustavsson,Felix Millton,
Group Stage,Mixed,Group A (set 1-2),1,Single game,Double T,Euro Unity,Double T,15,6,,,,,Frederik Theunis,Marie-Alexia Teisseyre,,Sabina Labonc,Aleksandrs Ju≈°ka,
Group Stage,Mixed,Group B (set 3-4),1,Single game,UniLey,Code Blue,UniLey,15,7,,,,,Megan Leybourne,Nelson Dziruni,,Jakub V√≠≈°ek,Tereza Caltov√°,
Group Stage,Mixed,Group B (set 3-4),1,Single game,Uteg/Klement,Otter,Uteg/Klement,15,6,,,,,Janne Uteg,Tim Klement,,Yasmin Graeter,Jorge Donayre,
Group Stage,Mixed,Group C (set 5-7),1,Single game,Late Night Paella,Creed Energy,Late Night Paella,15,8,,,,,Esaja Ekman,Nicole Fatt,,Alina P√Ærlea,Ciprian Bizdideanu,
Group Stage,Mixed,Group C (set 5-7),1,Single game,Wonka washed,Seb feat. Bob-mixed,Wonka washed,15,7,,,,,Emil Gr√∂nebaum,Lou Washburn,,Irina Bob,Sebi Mezzey,
Group Stage,Mixed,Group C (set 5-7),1,Single game,Grober Heinz,PüçÑWER UP!,PüçÑWER UP!,12,15,,,,,Julia Grob,Yvo Heinen,Julia Grob,Britt Vankemenade,joeri vlassaks,
Group Stage,Mixed,Group D ( set 8-10),1,Single game,Pinkey Jinkey,Key of happiness,Pinkey Jinkey,15,11,,,,,Alina Teskey,David Jindra,,Felicia H√∂chtl,Tobias Alraun,
Group Stage,Mixed,Group D ( set 8-10),1,Single game,Grantschmann and Kornetto,Hasty and Dirty Roundnet,Grantschmann and Kornetto,15,11,,,,,Stefan Handschmann,Ines Kornek,,Costanza Patat,Lukas Lemberger,
Group Stage,Mixed,Group D ( set 8-10),1,Single game,Trash TV,BlockWiener,Trash TV,15,7,,,,,Vivien Less,Tim Bichler,,Pol Loutsch,Angelika Bauer,
Group Stage,Mixed,Group A (set 1-2),2,Single game,It's a 30,Euro Unity,It's a 30,15,11,,,,,Daniela Kadlec,Yosha Vandaele,,Sabina Labonc,Aleksandrs Ju≈°ka,
Group Stage,Mixed,Group A (set 1-2),2,Single game,Let‚Äòs Gogo,Spike‚Äôs parents,Spike‚Äôs parents,12,15,,,,,Gabriel Stoisser,Constanze Lehner,,Ellinor Gustavsson,Felix Millton,
Group Stage,Mixed,Group B (set 3-4),2,Single game,UniLey,Otter,UniLey,15,12,,,,,Megan Leybourne,Nelson Dziruni,,Yasmin Graeter,Jorge Donayre,
Group Stage,Mixed,Group B (set 3-4),2,Single game,Mereri Victoria,Code Blue,Code Blue,20,21,,,,,Aylin Altenwegner,Jaroslav ƒåabala,,Jakub V√≠≈°ek,Tereza Caltov√°,
Group Stage,Mixed,Group C (set 5-7),2,Single game,Late Night Paella,Seb feat. Bob-mixed,Late Night Paella,17,15,,,,,Esaja Ekman,Nicole Fatt,,Irina Bob,Sebi Mezzey,
Group Stage,Mixed,Group C (set 5-7),2,Single game,Wonka washed,Grober Heinz,Wonka washed,17,15,,,,,Emil Gr√∂nebaum,Lou Washburn,,Julia Grob,Yvo Heinen,Julia Grob
Group Stage,Mixed,Group C (set 5-7),2,Single game,PüçÑWER UP!,Creed Energy,PüçÑWER UP!,15,13,,,,,Britt Vankemenade,joeri vlassaks,,Alina P√Ærlea,Ciprian Bizdideanu,
Group Stage,Mixed,Group D ( set 8-10),2,Single game,Pinkey Jinkey,Hasty and Dirty Roundnet,Hasty and Dirty Roundnet,12,15,,,,,Alina Teskey,David Jindra,,Costanza Patat,Lukas Lemberger,
Group Stage,Mixed,Group D ( set 8-10),2,Single game,Grantschmann and Kornetto,Trash TV,Grantschmann and Kornetto,15,10,,,,,Stefan Handschmann,Ines Kornek,,Vivien Less,Tim Bichler,
Group Stage,Mixed,Group D ( set 8-10),2,Single game,BlockWiener,Key of happiness,BlockWiener,15,11,,,,,Pol Loutsch,Angelika Bauer,,Felicia H√∂chtl,Tobias Alraun,
Group Stage,Mixed,Group A (set 1-2),3,Single game,It's a 30,Let‚Äòs Gogo,It's a 30,15,7,,,,,Daniela Kadlec,Yosha Vandaele,,Gabriel Stoisser,Constanze Lehner,
Group Stage,Mixed,Group A (set 1-2),3,Single game,Double T,Spike‚Äôs parents,Double T,18,16,,,,,Frederik Theunis,Marie-Alexia Teisseyre,,Ellinor Gustavsson,Felix Millton,
Group Stage,Mixed,Group B (set 3-4),3,Single game,UniLey,Mereri Victoria,UniLey,15,13,,,,,Megan Leybourne,Nelson Dziruni,,Aylin Altenwegner,Jaroslav ƒåabala,
Group Stage,Mixed,Group B (set 3-4),3,Single game,Uteg/Klement,Code Blue,Uteg/Klement,15,7,,,,,Janne Uteg,Tim Klement,,Jakub V√≠≈°ek,Tereza Caltov√°,
Group Stage,Mixed,Group C (set 5-7),3,Single game,Late Night Paella,PüçÑWER UP!,Late Night Paella,15,12,,,,,Esaja Ekman,Nicole Fatt,,Britt Vankemenade,joeri vlassaks,
Group Stage,Mixed,Group C (set 5-7),3,Single game,Wonka washed,Creed Energy,Wonka washed,15,10,,,,,Emil Gr√∂nebaum,Lou Washburn,,Alina P√Ærlea,Ciprian Bizdideanu,
Group Stage,Mixed,Group C (set 5-7),3,Single game,Grober Heinz,Seb feat. Bob-mixed,Grober Heinz,15,10,,,,,Julia Grob,Yvo Heinen,Julia Grob,Irina Bob,Sebi Mezzey,
Group Stage,Mixed,Group D ( set 8-10),3,Single game,Pinkey Jinkey,BlockWiener,BlockWiener,14,16,,,,,Alina Teskey,David Jindra,,Pol Loutsch,Angelika Bauer,
Group Stage,Mixed,Group D ( set 8-10),3,Single game,Grantschmann and Kornetto,Key of happiness,Grantschmann and Kornetto,15,11,,,,,Stefan Handschmann,Ines Kornek,,Felicia H√∂chtl,Tobias Alraun,
Group Stage,Mixed,Group D ( set 8-10),3,Single game,Trash TV,Hasty and Dirty Roundnet,Hasty and Dirty Roundnet,13,15,,,,,Vivien Less,Tim Bichler,,Costanza Patat,Lukas Lemberger,
Group Stage,Mixed,Group A (set 1-2),4,Single game,Double T,Let‚Äòs Gogo,Let‚Äòs Gogo,13,15,,,,,Frederik Theunis,Marie-Alexia Teisseyre,,Gabriel Stoisser,Constanze Lehner,
Group Stage,Mixed,Group A (set 1-2),4,Single game,Euro Unity,Spike‚Äôs parents,Euro Unity,15,7,,,,,Sabina Labonc,Aleksandrs Ju≈°ka,,Ellinor Gustavsson,Felix Millton,
Group Stage,Mixed,Group B (set 3-4),4,Single game,Uteg/Klement,Mereri Victoria,Uteg/Klement,15,11,,,,,Janne Uteg,Tim Klement,,Aylin Altenwegner,Jaroslav ƒåabala,
Group Stage,Mixed,Group B (set 3-4),4,Single game,Otter,Code Blue,Otter,15,13,,,,,Yasmin Graeter,Jorge Donayre,,Jakub V√≠≈°ek,Tereza Caltov√°,
Group Stage,Mixed,Group C (set 5-7),4,Single game,Late Night Paella,Grober Heinz,Grober Heinz,11,15,,,,,Esaja Ekman,Nicole Fatt,,Julia Grob,Yvo Heinen,Julia Grob
Group Stage,Mixed,Group C (set 5-7),4,Single game,Wonka washed,PüçÑWER UP!,Wonka washed,15,9,,,,,Emil Gr√∂nebaum,Lou Washburn,,Britt Vankemenade,joeri vlassaks,
Group Stage,Mixed,Group C (set 5-7),4,Single game,Seb feat. Bob-mixed,Creed Energy,Seb feat. Bob-mixed,15,10,,,,,Irina Bob,Sebi Mezzey,,Alina P√Ærlea,Ciprian Bizdideanu,
Group Stage,Mixed,Group D ( set 8-10),4,Single game,Pinkey Jinkey,Trash TV,Pinkey Jinkey,15,13,,,,,Alina Teskey,David Jindra,,Vivien Less,Tim Bichler,
Group Stage,Mixed,Group D ( set 8-10),4,Single game,Grantschmann and Kornetto,BlockWiener,Grantschmann and Kornetto,21,7,,,,,Stefan Handschmann,Ines Kornek,,Pol Loutsch,Angelika Bauer,
Group Stage,Mixed,Group D ( set 8-10),4,Single game,Hasty and Dirty Roundnet,Key of happiness,Hasty and Dirty Roundnet,15,11,,,,,Costanza Patat,Lukas Lemberger,,Felicia H√∂chtl,Tobias Alraun,
Group Stage,Mixed,Group A (set 1-2),5,Single game,It's a 30,Double T,Double T,14,16,,,,,Daniela Kadlec,Yosha Vandaele,,Frederik Theunis,Marie-Alexia Teisseyre,
Group Stage,Mixed,Group A (set 1-2),5,Single game,Let‚Äòs Gogo,Euro Unity,Euro Unity,10,15,,,,,Gabriel Stoisser,Constanze Lehner,,Sabina Labonc,Aleksandrs Ju≈°ka,
Group Stage,Mixed,Group B (set 3-4),5,Single game,UniLey,Uteg/Klement,UniLey,15,13,,,,,Megan Leybourne,Nelson Dziruni,,Janne Uteg,Tim Klement,
Group Stage,Mixed,Group B (set 3-4),5,Single game,Mereri Victoria,Otter,Mereri Victoria,15,8,,,,,Aylin Altenwegner,Jaroslav ƒåabala,,Yasmin Graeter,Jorge Donayre,
Group Stage,Mixed,Group C (set 5-7),5,Single game,Late Night Paella,Wonka washed,Wonka washed,11,15,,,,,Esaja Ekman,Nicole Fatt,,Emil Gr√∂nebaum,Lou Washburn,
Group Stage,Mixed,Group C (set 5-7),5,Single game,Grober Heinz,Creed Energy,Grober Heinz,15,6,,,,,Julia Grob,Yvo Heinen,Julia Grob,Alina P√Ærlea,Ciprian Bizdideanu,
Group Stage,Mixed,Group C (set 5-7),5,Single game,PüçÑWER UP!,Seb feat. Bob-mixed,PüçÑWER UP!,19,17,,,,,Britt Vankemenade,joeri vlassaks,,Irina Bob,Sebi Mezzey,
Group Stage,Mixed,Group D ( set 8-10),5,Single game,Pinkey Jinkey,Grantschmann and Kornetto,Grantschmann and Kornetto,12,15,,,,,Alina Teskey,David Jindra,,Stefan Handschmann,Ines Kornek,
Group Stage,Mixed,Group D ( set 8-10),5,Single game,Trash TV,Key of happiness,Trash TV,15,11,,,,,Vivien Less,Tim Bichler,,Felicia H√∂chtl,Tobias Alraun,
Group Stage,Mixed,Group D ( set 8-10),5,Single game,BlockWiener,Hasty and Dirty Roundnet,Hasty and Dirty Roundnet,10,15,,,,,Pol Loutsch,Angelika Bauer,,Costanza Patat,Lukas Lemberger,
Bracket Stage,Mixed,Bracket A,Round of 16,Best of 3,UniLey,Pinkey Jinkey,UniLey,15,13,15,10,,,Megan Leybourne,Nelson Dziruni,,Alina Teskey,David Jindra,
Bracket Stage,Mixed,Bracket A,Round of 16,Best of 3,Uteg/Klement,Mereri Victoria,Mereri Victoria,15,10,13,15,11,15,Janne Uteg,Tim Klement,,Aylin Altenwegner,Jaroslav ƒåabala,
Bracket Stage,Mixed,Bracket A,Round of 16,Best of 3,It's a 30,Trash TV,It's a 30,15,6,15,6,,,Daniela Kadlec,Yosha Vandaele,,Vivien Less,Tim Bichler,
Bracket Stage,Mixed,Bracket A,Round of 16,Best of 3,Double T,PüçÑWER UP!,Double T,15,13,15,12,,,Frederik Theunis,Marie-Alexia Teisseyre,,Britt Vankemenade,joeri vlassaks,
Bracket Stage,Mixed,Bracket A,Round of 16,Best of 3,Hasty and Dirty Roundnet,Euro Unity,Euro Unity,13,15,20,21,,,Costanza Patat,Lukas Lemberger,,Sabina Labonc,Aleksandrs Ju≈°ka,
Bracket Stage,Mixed,Bracket A,Round of 16,Best of 3,Grober Heinz,Late Night Paella,Late Night Paella,12,15,12,15,,,Julia Grob,Yvo Heinen,Julia Grob,Esaja Ekman,Nicole Fatt,
Bracket Stage,Mixed,Bracket A,Quarter-final,Best of 3,Grantschmann and Kornetto,Late Night Paella,Grantschmann and Kornetto,21,16,25,24,,,Stefan Handschmann,Ines Kornek,,Esaja Ekman,Nicole Fatt,
Bracket Stage,Mixed,Bracket A,Quarter-final,Best of 3,Wonka washed,Euro Unity,Wonka washed,15,6,15,10,,,Emil Gr√∂nebaum,Lou Washburn,,Sabina Labonc,Aleksandrs Ju≈°ka,
Bracket Stage,Mixed,Bracket A,Quarter-final,Best of 3,UniLey,Double T,UniLey,21,15,21,16,,,Megan Leybourne,Nelson Dziruni,,Frederik Theunis,Marie-Alexia Teisseyre,
Bracket Stage,Mixed,Bracket A,Quarter-final,Best of 3,Mereri Victoria,It's a 30,It's a 30,14,16,15,13,13,15,Aylin Altenwegner,Jaroslav ƒåabala,,Daniela Kadlec,Yosha Vandaele,
Bracket Stage,Mixed,Bracket A,P9: Quarter-final,Best of 3,PüçÑWER UP!,Pinkey Jinkey,Pinkey Jinkey,0,1,1,0,0,1,Britt Vankemenade,joeri vlassaks,,Alina Teskey,David Jindra,
Bracket Stage,Mixed,Bracket A,P9: Quarter-final,Best of 3,Trash TV,Uteg/Klement,Uteg/Klement,16,18,16,18,,,Vivien Less,Tim Bichler,,Janne Uteg,Tim Klement,
Bracket Stage,Mixed,Bracket A,Semi-final,Best of 3,Grantschmann and Kornetto,It's a 30,It's a 30,8,15,15,11,13,15,Stefan Handschmann,Ines Kornek,,Daniela Kadlec,Yosha Vandaele,
Bracket Stage,Mixed,Bracket A,Semi-final,Best of 3,Wonka washed,UniLey,UniLey,17,21,17,21,,,Emil Gr√∂nebaum,Lou Washburn,,Megan Leybourne,Nelson Dziruni,
Bracket Stage,Mixed,Bracket A,P5: Semi-final,Best of 3,Mereri Victoria,Late Night Paella,Mereri Victoria,15,17,15,6,15,12,Aylin Altenwegner,Jaroslav ƒåabala,,Esaja Ekman,Nicole Fatt,
Bracket Stage,Mixed,Bracket A,P5: Semi-final,Best of 3,Double T,Euro Unity,Double T,1,0,1,0,,,Frederik Theunis,Marie-Alexia Teisseyre,,Sabina Labonc,Aleksandrs Ju≈°ka,
Bracket Stage,Mixed,Bracket A,P9: Semi-final,Best of 3,Grober Heinz,Uteg/Klement,Grober Heinz,15,12,15,12,,,Julia Grob,Yvo Heinen,Julia Grob,Janne Uteg,Tim Klement,
Bracket Stage,Mixed,Bracket A,P9: Semi-final,Best of 3,Hasty and Dirty Roundnet,Pinkey Jinkey,Hasty and Dirty Roundnet,15,13,10,15,16,14,Costanza Patat,Lukas Lemberger,,Alina Teskey,David Jindra,
Bracket Stage,Mixed,Bracket A,Final,Best of 3,It's a 30,UniLey,UniLey,11,21,12,21,,,Daniela Kadlec,Yosha Vandaele,,Megan Leybourne,Nelson Dziruni,
Bracket Stage,Mixed,Bracket A,P3: Final,Best of 3,Wonka washed,Grantschmann and Kornetto,Wonka washed,15,11,15,10,,,Emil Gr√∂nebaum,Lou Washburn,,Stefan Handschmann,Ines Kornek,
Bracket Stage,Mixed,Bracket A,P5: Final,Best of 3,Mereri Victoria,Double T,Mereri Victoria,15,11,15,10,,,Aylin Altenwegner,Jaroslav ƒåabala,,Frederik Theunis,Marie-Alexia Teisseyre,
Bracket Stage,Mixed,Bracket A,P7: Final,Best of 3,Euro Unity,Late Night Paella,Late Night Paella,0,1,0,1,,,Sabina Labonc,Aleksandrs Ju≈°ka,,Esaja Ekman,Nicole Fatt,
Bracket Stage,Mixed,Bracket A,P9: Final,Best of 3,Grober Heinz,Hasty and Dirty Roundnet,Hasty and Dirty Roundnet,18,21,0,1,,,Julia Grob,Yvo Heinen,Julia Grob,Costanza Patat,Lukas Lemberger,
Bracket Stage,Mixed,Bracket A,P13: Final,Best of 3,Trash TV,PüçÑWER UP!,PüçÑWER UP!,13,15,9,15,,,Vivien Less,Tim Bichler,,Britt Vankemenade,joeri vlassaks,
Bracket Stage,Mixed,Bracket B,Quarter-final,Best of 3,Spike‚Äôs parents,Key of happiness,Spike‚Äôs parents,1,0,1,0,,,Ellinor Gustavsson,Felix Millton,,Felicia H√∂chtl,Tobias Alraun,
Bracket Stage,Mixed,Bracket B,Quarter-final,Best of 3,Let‚Äòs Gogo,Creed Energy,Let‚Äòs Gogo,15,10,12,15,16,14,Gabriel Stoisser,Constanze Lehner,,Alina P√Ærlea,Ciprian Bizdideanu,
Bracket Stage,Mixed,Bracket B,Quarter-final,Best of 3,BlockWiener,Seb feat. Bob-mixed,Seb feat. Bob-mixed,11,15,21,19,17,19,Pol Loutsch,Angelika Bauer,,Irina Bob,Sebi Mezzey,
Bracket Stage,Mixed,Bracket B,Quarter-final,Best of 3,Otter,Code Blue,Code Blue,12,15,17,19,,,Yasmin Graeter,Jorge Donayre,,Jakub V√≠≈°ek,Tereza Caltov√°,
Bracket Stage,Mixed,Bracket B,Semi-final,Best of 3,Spike‚Äôs parents,Code Blue,Spike‚Äôs parents,15,13,11,15,15,13,Ellinor Gustavsson,Felix Millton,,Jakub V√≠≈°ek,Tereza Caltov√°,
Bracket Stage,Mixed,Bracket B,Semi-final,Best of 3,Let‚Äòs Gogo,Seb feat. Bob-mixed,Let‚Äòs Gogo,15,11,16,14,,,Gabriel Stoisser,Constanze Lehner,,Irina Bob,Sebi Mezzey,
Bracket Stage,Mixed,Bracket B,P5: Semi-final,Best of 3,Otter,Key of happiness,Otter,1,0,1,0,,,Yasmin Graeter,Jorge Donayre,,Felicia H√∂chtl,Tobias Alraun,
Bracket Stage,Mixed,Bracket B,P5: Semi-final,Best of 3,BlockWiener,Creed Energy,BlockWiener,21,20,15,11,,,Pol Loutsch,Angelika Bauer,,Alina P√Ærlea,Ciprian Bizdideanu,
Bracket Stage,Mixed,Bracket B,Final,Best of 3,Spike‚Äôs parents,Let‚Äòs Gogo,Spike‚Äôs parents,15,11,8,15,15,12,Ellinor Gustavsson,Felix Millton,,Gabriel Stoisser,Constanze Lehner,
Bracket Stage,Mixed,Bracket B,P3: Final,Best of 3,Seb feat. Bob-mixed,Code Blue,Seb feat. Bob-mixed,1,0,1,0,,,Irina Bob,Sebi Mezzey,,Jakub V√≠≈°ek,Tereza Caltov√°,
Bracket Stage,Mixed,Bracket B,P7: Final,Best of 3,Creed Energy,Key of happiness,Creed Energy,1,0,1,0,,,Alina P√Ærlea,Ciprian Bizdideanu,,Felicia H√∂chtl,Tobias Alraun,
